,post_id,owner_id,comment_id,from_id,text,reply_to_user,reply_to_comment,parents_stack,num_answer,date
0,2678,10045,2680,10045,"–õ–∏–ø–∞, —ç—Ç–æ –¥–∞–∂–µ –Ω–µ –ª–æ–Ω–≥—Ä–∏–¥, —á—Ç–æ —Ç—É—Ç –æ—Å–∏–ª–∏–≤–∞—Ç—å?))",,,[2679],0,1570007386
1,2678,10045,2681,450913408,"[id10045|–î–∞–Ω—è], –∫ –Ω–µ–º—É –º–æ—Ä–∞–ª—å–Ω–æ –≥–æ—Ç–æ–≤–∞ üòÇ –Ω–∞—á–∏–Ω–∞–π üéâ",10045.0,2680.0,[2679],0,1570028010
2,2678,10045,2682,10045,"–õ–∏–ø–∞, –≤ –≤–µ–∫ —Å–∫–æ—Ä–æ—Å—Ç–Ω—ã—Ö —Ç–µ—Ö–Ω–æ–ª–æ–≥–∏–π –∏ –ø–æ—Å—Ç–æ—è–Ω–Ω–æ–≥–æ –º–Ω–∏–º–æ–≥–æ –æ—Ç—Å—É—Ç—Å—Ç–≤–∏—è –≤—Ä–µ–º–µ–Ω–∏ —É –ª—é–¥–µ–π, –Ω—É–∂–Ω–æ —Å–Ω–∞—á–∞–ª–∞ –ø–æ–¥–≥–æ—Ç–æ–≤–∏—Ç—å –∫ —Ç–∞–∫–∏–º –∫–æ—Ä–æ—Ç—ã—à–∞–º üôÇ",450913408.0,2681.0,[2679],0,1570028460
3,2669,10045,2671,10045,"–õ–∏–ø–∞, —ç—Ç–æ —Ç—ã –∫–∞–∫ —Ö—É–¥–æ–∂–Ω–∏–∫ –≥–æ–≤–æ—Ä–∏—à—å?))",,,[2670],0,1568660334
4,2669,10045,2672,450913408,"[id10045|–î–∞–Ω—è], —è –Ω–∞ –≤—ã—Å—Ç–∞–≤–∫–µ –î–∞–Ω–∏ –¢—Ä–µ—Ç—å—è–∫–æ–≤–∞, –≤–∞–ª—å—è–∂–Ω–æ, —Å —á—É–≤—Å—Ç–≤–æ–º –Ω–∞—Å–ª–∞–∂–¥–µ–Ω–∏—è –æ—Ç –∫—Ä–∞—Å–æ—Ç—ã —Ñ–æ—Ç–æ—Ç–æ–≥—Ä–∞—Ñ–∏–π, –≥–ª–∞–∑–∞ —Ä–∞–¥—É—é—Ç—Å—è, –æ—Å—Ç–∞–Ω–∞–≤–ª–∏–≤–∞—é –≤–∑–≥–ª—è–¥ –Ω–∞ —ç—Ç–æ–º —Ñ–æ—Ç–æ –∏ –Ω–µ –º–æ–≥—É –ø–æ–Ω—è—Ç—å, –¥–ª—è —á–µ–≥–æ –∞–≤—Ç–æ—Ä ""–ø–æ–≤–µ—Å–∏–ª"" —ç—Ç–æ—Ç —à–∞—Ä, –∂–µ–º—á—É–∂–∏–Ω—É, –ø–ª–∞–Ω–µ—Ç—É, –Ω–µ–æ–ø–æ–∑–Ω–∞–Ω–Ω—ã–π –æ–±—ä–µ–∫—Ç? –≤ —ç—Ç—É —Ñ–æ—Ç–æ–≥—Ä–∞—Ñ–∏—é. –ú–æ–∂–µ—Ç —Ç–∞–º –º–∞–≥–Ω–∏—Ç–Ω–æ–µ –ø–æ–ª–µ, –∞ –º–æ–∂–µ—Ç —ç—Ç–æ –ª—É–Ω–∞? –¢–æ–≥–¥–∞ –ø–æ—á–µ–º—É —Ç–∞–∫ –Ω–∏–∑–∫–æ –∏–ª–∏ –≤—ã—Å–æ–∫–æ? –Ø –±—ã –≤–æ–æ–±—â–µ —É–±—Ä–∞–ª–∞ —ç—Ç–æ—Ç –æ–±—ä–µ–∫—Ç, —è –ø–æ–Ω–∏–º–∞—é —á—Ç–æ —ç—Ç–æ —Ñ–∞–Ω—Ç–∞—Å—Ç–∏–∫–∞, –Ω–æ —è –±—ã —Ç–æ–≥–¥–∞ –µ–≥–æ –ø–æ–º–µ—Å—Ç–∏–ª–∞ –≤—ã—à–µ –∏ –ª–µ–≤–µ–µ, —Ç–µ —è –ø–æ–¥—É–º–∞–ª–∞ –±—ã, —á—Ç–æ –≤–æ—Ç –∫—Ä—É—Ç–æ, —Ç—ã —Å—Ñ–æ—Ç–∫–∞–ª —Ç–∞–∫, —á—Ç–æ –≤ –ø–æ–ª–µ –∑—Ä–µ–Ω–∏—è –ø–æ–ø–∞–ª–∞ –ø–ª–∞–Ω–µ—Ç–∞ –∏–ª–∏ —Ç–æ, —á—Ç–æ –≤—ã—à–µ –ø–µ—Ä–µ—á–∏—Å–ª–µ–Ω–Ω–æ–µ ‚ò∫Ô∏èüß†üéâ",10045.0,2671.0,[2670],0,1568661104
5,2669,10045,2673,10045,"–õ–∏–ø–∞, #–≤–∞–ª—å—è–∂–Ω–æ–Ω–∞–≤—ã—Å—Ç–∞–≤–∫–µ üòÑüëçüèª",450913408.0,2672.0,[2670],0,1568661317
6,2669,10045,2674,450913408,"[id10045|–î–∞–Ω—è], —É–º–µ—é, –ø—Ä–∞–∫—Ç–∏–∫—É—é ü§ó",10045.0,2673.0,[2670],0,1568661353
7,2665,10045,2667,10045,"[id450913408|Lipa], –æ–æ–æ –¥–∞, –Ω–∞ –∑–∞–ª–∏–≤–µ –æ—á–µ–Ω—å —Ö–æ—Ä–æ—à–æ –º–æ–∂–µ—Ç –±—ã—Ç—å!))",,,[2666],0,1568111189
8,2657,10045,2659,10045,"[id25453|Alexey], –ø–æ–±—ã–≤–∞–≤ —Ç–∞–º, —Å–º–µ–ª–æ –º–æ–≥—É —Å–∫–∞–∑–∞—Ç—å - —ç—Ç–æ must have! –õ–∏—á–Ω–æ –º–Ω–µ, –æ–¥–Ω–æ–≥–æ —Ä–∞–∑–∞ –Ω–µ —Ö–≤–∞—Ç–∏–ª–æ.",,,[2658],0,1567259900
9,2657,10045,2660,68143,–ü—Ä–∏–≤–µ—Ç –∏–∑ –°—Ç–∞–≤—Ä–æ–ø–æ–ª—å—Å–∫–æ–≥–æ –∫—Ä–∞—è;),,,[2658],0,1567261796
10,2657,10045,2661,10045,"[id68143|Vladimir], —Å–∫–∞–∑–∫–∞!",68143.0,2660.0,[2658],0,1567263087
11,2648,10045,2650,10045,"–û–ª—å–≥–∞, –º–∞–≥–∏—è –Ω–∞ –∫–æ–Ω—á–∏–∫–∞—Ö –ø–∞–ª—å—Ü–µ–≤))",,,[2649],0,1564307746
12,2629,10045,2631,10045,"[id45940634|Olga], —ç—Ç–æ–≥–æ –Ω–∏–∫—Ç–æ –∏ –Ω–µ –æ—Ç—Ä–∏—Ü–∞–µ—Ç))",,,[2630],0,1543485268
13,2626,10045,2628,10045,"[id284480952|–ï–≤–≥–µ–Ω–∏–π], —Ç—ã –∑–Ω–∞–µ—à—å, —Å—Ç–∞—Ä–∏–Ω–∞, –º–∞–ª–µ–Ω—å–∫–∏–º–∏ —à–∞–≥–∞–º–∏ –ø—Ä–∏–±–ª–∏–∂–∞—é—Å—å –∫ —Ç–æ–º—É, —á—Ç–æ–±—ã —Å–Ω–∏–º–∞—Ç—å –ø–æ—Å—Ç–∞–Ω–æ–≤–æ—á–Ω–æ–µ ¬´–∫–∏–Ω–æ¬ª –Ω–∞ —Ñ–æ—Ç–æ, —Ç–∞–∫ —á—Ç–æ, —Å—Ç–∞—Ä–∞–µ–º—Å—è))",,,[2627],0,1543352670
14,1913,10076,1915,10076,"[id241699164|–ì–∞–ª–∏–Ω–∞], –Ω–µ—Ç. –≠—Ç–æ –∑–∞—Å—Ç–∞–≤–∫–∞ –∫—É—Ä—Å–∞.",,,[1914],0,1564910634
15,1890,10076,1892,10076,"[id2544560|–û–ª—å–≥–∞], —Ç—ã —Å–∏–Ω–µ–µ—à—å?",,,[1891],0,1551780130
16,1890,10076,1894,10076,"[id2544560|–û–ª—å–≥–∞], –æ—Ç —á–µ–≥–æ?",,,[1893],0,1551780182
17,1890,10076,1895,2544560,"[id10076|–ù–∞–¥–µ–∂–¥–∞], —ç—ç—ç—ç—ç –∫–æ–Ω—Å–ø–µ–∫—Ç—ã –ø–∏—à–µ—à—å —Å —Ä–∏—Å—É–Ω–∫–∞–º–∏, –¥–∞ —Ä–∞–∑–Ω–æ—Ü–≤–µ—Ç–Ω—ã–º–∏ —Ä—É—á–∫–∞–º–∏, —Ç—è–Ω–µ—Ç –∑–∞ —à–∫–æ–ª—å–Ω—É—é —Å–∫–∞–º—å—é? –º–æ–∂–µ—Ç –≤—Ç–æ—Ä–æ–µ –≤—ã—Å—à–µ–µ –ø–æ—Ä–∞ –ø–æ–ª—É—á–∞—Ç—å?",10076.0,1894.0,[1893],0,1551780297
18,1890,10076,1896,10076,"[id2544560|–û–ª—å–≥–∞], –¥–∞ –Ω–∞—Ñ–∏–≥ –Ω–∞–¥–æ)",2544560.0,1895.0,[1893],0,1551781320
19,1890,10076,1898,10076,"[id830618|–Æ–ª–∏—è], —Ç–∞–∫ —Å–∞–¥–∏–∫ –≤–∞–º –≤ –ø–æ–º–æ—â—å)",,,[1897],0,1551788093
20,1890,10076,1900,10076,"[id830618|–Æ–ª–∏—è], —Ç—ã —Å—Ä–∞–∑—É –≤ —à–∫–æ–ª—É –µ–≥–æ –ø–æ–≤–µ–¥–µ—à—å? –í–æ–æ–±—â–µ –º—É–∂ –µ—Å—Ç—å –¥–ª—è –≤—Å—è–∫–∏—Ö –ª–µ–∫—Ü–∏–∏)",,,[1899],0,1551794513
21,1890,10076,1904,10076,"[id241699164|–ì–∞–ª–∏–Ω–∞], —Å–ø–∞—Å–∏–±–æ, –ª—é–±–∏–º–∞—è)!",,,[1903],0,1551867987
